Workbook

Sheet At a Glance
A1: Your Gathering at a Glance
A2: Type in the Linen cells only. Every other tab reads from this one. Thanksgiving 2026: Thu 26 Nov 2026 · Christmas: Fri 25 Dec 2026.
A4: Occasion
A5: T-0 date (the day itself)
A6: Doorbell time
A7: Sit-down time
A8: End time
A9: Guests, host included
A10: Total budget: food, drink, table
A11: Per-Plate Number (budget ÷ guests) | B11: =IFERROR(B10/B9,"")
A12: Hours, doorbell to end | B12: =IF(OR(B6="",B8=""),"",ROUND(MOD(B8-B6,1)*24,1))
A13: T-0 date the Clock is using | B13: =IF(Reckoning!B27<>"",Reckoning!B27,B5)
A14: Today | B14: =TODAY()
A15: Today's T-number | B15: =IF(B13="","",IF(B13-B14>0,"T-"&(B13-B14),IF(B13=B14,"T-0","T+"&(B14-B13))))

Sheet Clock
A1: The Clock: 25 tasks, dated from your T-0
A2: Dates come from 'At a Glance' (or next year's date on 'Reckoning', once you type it). Tick with ✓.
A3: Today's task: | B3: =IF('At a Glance'!B13="","Type your T-0 date on At a Glance",IFERROR(INDEX(D6:D30,MATCH(TODAY(),C6:C30,0)),"No task dated today: see the next date below")) | F3: Ticks: | G3: =COUNTIF(G6:G30,"✓")&" / 25"
F4: Minutes: | G4: =COUNTIF(G6:G30,"✓")*15
A5: T | B5: Offset | C5: Date | D5: Today's fifteen minutes | E5: Page | F5: Write down one number | G5: Done | H5: My number
A6: T-21 | B6: -21 | C6: =IF('At a Glance'!$B$13="","",'At a Glance'!$B$13+B6) | D6: Fill in At a Glance; write the guest list; Briefing 1 | E6: 5 | F6: Guests, host included
A7: T-20 | B7: -20 | C7: =IF('At a Glance'!$B$13="","",'At a Glance'!$B$13+B7) | D7: Set the Per-Plate Number | E7: 12 | F7: Per plate $
A8: T-19 | B8: -19 | C8: =IF('At a Glance'!$B$13="","",'At a Glance'!$B$13+B8) | D8: The Count: chairs, plates, glasses, napkins, dishes | E8: 21 | F8: Chairs short
A9: T-18 | B9: -18 | C9: =IF('At a Glance'!$B$13="","",'At a Glance'!$B$13+B9) | D9: One Showpiece; make-ahead menu around it | E9: 27 | F9: Dishes on the menu
A10: T-17 | B10: -17 | C10: =IF('At a Glance'!$B$13="","",'At a Glance'!$B$13+B10) | D10: Oven Timetable, first draft | E10: 30 | F10: Oven dishes in the last hour
A11: T-16 | B11: -16 | C11: =IF('At a Glance'!$B$13="","",'At a Glance'!$B$13+B11) | D11: Gift Ceiling: season total, ceiling per name | E11: 15 | F11: Season gift total $
A12: T-15 | B12: -15 | C12: =IF('At a Glance'!$B$13="","",'At a Glance'!$B$13+B12) | D12: Staff & Service list; count the week's ticks | E12: 16 | F12: Staff & Service total $
A13: T-14 | B13: -14 | C13: =IF('At a Glance'!$B$13="","",'At a Glance'!$B$13+B13) | D13: Send the invitation; Briefing 2 | E13: 22 | F13: Invitations sent
A14: T-13 | B14: -13 | C14: =IF('At a Glance'!$B$13="","",'At a Glance'!$B$13+B14) | D14: Assign dishes, not dollars | E14: 14 | F14: Dishes assigned
A15: T-12 | B15: -12 | C15: =IF('At a Glance'!$B$13="","",'At a Glance'!$B$13+B15) | D15: Choose the table level; draft the seating | E15: 18, 26 | F15: Place settings
A16: T-11 | B16: -11 | C16: =IF('At a Glance'!$B$13="","",'At a Glance'!$B$13+B16) | D16: Drinks maths | E16: 28 | F16: Bottles needed
A17: T-10 | B17: -10 | C17: =IF('At a Glance'!$B$13="","",'At a Glance'!$B$13+B17) | D17: Shopping list, part one (Christmas: Staff & Service deadline) | E17: 28, 16 | F17: Items on the list
... A30: T+7 | B30: 7 | C30: =IF('At a Glance'!$B$13="","",'At a Glance'!$B$13+B30) | D30: The Reckoning | E30: 39 | F30: Actual per plate $

Sheet Per-Plate
A1: Where the plate goes
A2: Change the percentages to suit your menu; they must add up to 100%.
A4: Share | B4: % | C4: Amount | D4: Per plate
A5: Showpiece | B5: 0.35 | C5: =IF('At a Glance'!$B$10="","",'At a Glance'!$B$10*B5) | D5: =IFERROR(C5/'At a Glance'!$B$9,"")
A6: Sides and bread | B6: 0.25 | C6: =IF('At a Glance'!$B$10="","",'At a Glance'!$B$10*B6) | D6: =IFERROR(C6/'At a Glance'!$B$9,"")
A7: Nibbles or starter (appetizers) | B7: 0.1 | C7: =IF('At a Glance'!$B$10="","",'At a Glance'!$B$10*B7) | D7: =IFERROR(C7/'At a Glance'!$B$9,"")
A8: Pudding (dessert) | B8: 0.1 | C8: =IF('At a Glance'!$B$10="","",'At a Glance'!$B$10*B8) | D8: =IFERROR(C8/'At a Glance'!$B$9,"")
A9: Drinks (incl. non-alcoholic, ice) | B9: 0.15 | C9: =IF('At a Glance'!$B$10="","",'At a Glance'!$B$10*B9) | D9: =IFERROR(C9/'At a Glance'!$B$9,"")
A10: The table | B10: 0.05 | C10: =IF('At a Glance'!$B$10="","",'At a Glance'!$B$10*B10) | D10: =IFERROR(C10/'At a Glance'!$B$9,"")
A11: Total | B11: =SUM(B5:B10) | C11: =IF('At a Glance'!B10="","",SUM(C5:C10))
A12: =IF(ROUND(B11,4)=1,"Adds up to 100%. Good.","Adjust: the shares add up to "&TEXT(B11,"0%"))

Sheet Spend Log
A1: The Spend Log
A2: Every receipt, the same evening. A share turns amber when it passes its line.
A4: Date | B4: Where | C4: What | D4: Share | E4: Planned $ | F4: Actual $ | H4: Share | I4: Line (Per-Plate) | J4: Spent | K4: Left
H5: Showpiece | I5: ='Per-Plate'!C5 | J5: =SUMIF($D$5:$D$54,H5,$F$5:$F$54) | K5: =IF(I5="","",I5-J5)
H6: Sides and bread | I6: ='Per-Plate'!C6 | J6: =SUMIF($D$5:$D$54,H6,$F$5:$F$54) | K6: =IF(I6="","",I6-J6)
H7: Nibbles or starter (appetizers) | I7: ='Per-Plate'!C7 | J7: =SUMIF($D$5:$D$54,H7,$F$5:$F$54) | K7: =IF(I7="","",I7-J7)
H8: Pudding (dessert) | I8: ='Per-Plate'!C8 | J8: =SUMIF($D$5:$D$54,H8,$F$5:$F$54) | K8: =IF(I8="","",I8-J8)
H9: Drinks (incl. non-alcoholic, ice) | I9: ='Per-Plate'!C9 | J9: =SUMIF($D$5:$D$54,H9,$F$5:$F$54) | K9: =IF(I9="","",I9-J9)
H10: The table | I10: ='Per-Plate'!C10 | J10: =SUMIF($D$5:$D$54,H10,$F$5:$F$54) | K10: =IF(I10="","",I10-J10)
H12: Total spent | J12: =SUM(F5:F54)
H13: Per plate so far | J13: =IFERROR(J12/'At a Glance'!B9,"")
H14: Within the number? | J14: =IF('At a Glance'!B10="","",IF(J12<='At a Glance'!B10,"Yes","No: over by $"&TEXT(J12-'At a Glance'!B10,"0.00")))

Sheet Assignments
A1: Assign dishes, not dollars
A2: If a guest's dish needs your oven, give the times; clashes with the Oven tab are flagged.
A4: Guest | B4: Their one job | C4: Serves | D4: Arrives in (their dish / yours) | E4: Needs | F4: Oven from | G4: Oven to | H4: Confirmed | I4: Clash?
I5: =IF(AND(E5="Oven",F5<>"",G5<>""),IF(SUMPRODUCT((Oven!$B$5:$B$34="Oven")*(Oven!$D$5:$D$34<G5)*(Oven!$E$5:$E$34>F5))>0,"Clash with the Oven tab",""),"")
I6: =IF(AND(E6="Oven",F6<>"",G6<>""),IF(SUMPRODUCT((Oven!$B$5:$B$34="Oven")*(Oven!$D$5:$D$34<G6)*(Oven!$E$5:$E$34>F6))>0,"Clash with the Oven tab",""),"")
I7: =IF(AND(E7="Oven",F7<>"",G7<>""),IF(SUMPRODUCT((Oven!$B$5:$B$34="Oven")*(Oven!$D$5:$D$34<G7)*(Oven!$E$5:$E$34>F7))>0,"Clash with the Oven tab",""),"")
I8: =IF(AND(E8="Oven",F8<>"",G8<>""),IF(SUMPRODUCT((Oven!$B$5:$B$34="Oven")*(Oven!$D$5:$D$34<G8)*(Oven!$E$5:$E$34>F8))>0,"Clash with the Oven tab",""),"")
I9: =IF(AND(E9="Oven",F9<>"",G9<>""),IF(SUMPRODUCT((Oven!$B$5:$B$34="Oven")*(Oven!$D$5:$D$34<G9)*(Oven!$E$5:$E$34>F9))>0,"Clash with the Oven tab",""),"")
I10: =IF(AND(E10="Oven",F10<>"",G10<>""),IF(SUMPRODUCT((Oven!$B$5:$B$34="Oven")*(Oven!$D$5:$D$34<G10)*(Oven!$E$5:$E$34>F10))>0,"Clash with the Oven tab",""),"")
I11: =IF(AND(E11="Oven",F11<>"",G11<>""),IF(SUMPRODUCT((Oven!$B$5:$B$34="Oven")*(Oven!$D$5:$D$34<G11)*(Oven!$E$5:$E$34>F11))>0,"Clash with the Oven tab",""),"")
I12: =IF(AND(E12="Oven",F12<>"",G12<>""),IF(SUMPRODUCT((Oven!$B$5:$B$34="Oven")*(Oven!$D$5:$D$34<G12)*(Oven!$E$5:$E$34>F12))>0,"Clash with the Oven tab",""),"")
I13: =IF(AND(E13="Oven",F13<>"",G13<>""),IF(SUMPRODUCT((Oven!$B$5:$B$34="Oven")*(Oven!$D$5:$D$34<G13)*(Oven!$E$5:$E$34>F13))>0,"Clash with the Oven tab",""),"")
I14: =IF(AND(E14="Oven",F14<>"",G14<>""),IF(SUMPRODUCT((Oven!$B$5:$B$34="Oven")*(Oven!$D$5:$D$34<G14)*(Oven!$E$5:$E$34>F14))>0,"Clash with the Oven tab",""),"")
I15: =IF(AND(E15="Oven",F15<>"",G15<>""),IF(SUMPRODUCT((Oven!$B$5:$B$34="Oven")*(Oven!$D$5:$D$34<G15)*(Oven!$E$5:$E$34>F15))>0,"Clash with the Oven tab",""),"")
I16: =IF(AND(E16="Oven",F16<>"",G16<>""),IF(SUMPRODUCT((Oven!$B$5:$B$34="Oven")*(Oven!$D$5:$D$34<G16)*(Oven!$E$5:$E$34>F16))>0,"Clash with the Oven tab",""),"")
... I24: =IF(AND(E24="Oven",F24<>"",G24<>""),IF(SUMPRODUCT((Oven!$B$5:$B$34="Oven")*(Oven!$D$5:$D$34<G24)*(Oven!$E$5:$E$34>F24))>0,"Clash with the Oven tab",""),"")

Sheet Drinks
A1: Drinks maths
A2: A planning sum for buying, not a target for drinking. 750 ml bottle ≈ five 150 ml (5 oz) glasses.
A4: A · Guests who'll drink alcohol
A5: B · Hours (from At a Glance; overwrite if you like) | B5: ='At a Glance'!B12
A6: C · Drinks per drinking guest: 2 + (B − 1) | B6: =IF(B5="","",2+(B5-1))
A7: D · Total alcoholic drinks: A × C | B7: =IF(OR(B4="",B6=""),"",B4*B6)
A8: E · Bottles of wine, if all wine: D ÷ 5, rounded up | B8: =IF(B7="","",ROUNDUP(B7/5,0))
A9: F · Guests not drinking alcohol
A10: Spare non-alcoholic drinks for drivers | B10: 3
A11: G · Non-alcoholic drinks: F × C + spare | B11: =IF(OR(B9="",B6=""),"",B9*B6+B10)
A12: H · Ice, lb (about 1 lb per guest) | B12: =IF('At a Glance'!B9="","",'At a Glance'!B9*1)
A13: H · Ice, kg (about 0.5 kg per guest) | B13: =IF('At a Glance'!B9="","",'At a Glance'!B9*0.5)
A14: I · Water jugs (one per four guests) | B14: =IF('At a Glance'!B9="","",ROUNDUP('At a Glance'!B9/4,0))

Sheet Shopping
A1: The Shopping List
A2: Dry goods at T-5; fresh things at T-2. Totals check against your Per-Plate shares.
A4: Item | B4: Qty | C4: Share | D4: Est. $ | E4: When | F4: Bought | G4: Assigned to a guest instead? | I4: Share | J4: Line | K4: Est. on list | L4: Left
I5: Showpiece | J5: ='Per-Plate'!C5 | K5: =SUMIF($C$5:$C$64,I5,$D$5:$D$64) | L5: =IF(J5="","",J5-K5)
I6: Sides and bread | J6: ='Per-Plate'!C6 | K6: =SUMIF($C$5:$C$64,I6,$D$5:$D$64) | L6: =IF(J6="","",J6-K6)
I7: Nibbles or starter (appetizers) | J7: ='Per-Plate'!C7 | K7: =SUMIF($C$5:$C$64,I7,$D$5:$D$64) | L7: =IF(J7="","",J7-K7)
I8: Pudding (dessert) | J8: ='Per-Plate'!C8 | K8: =SUMIF($C$5:$C$64,I8,$D$5:$D$64) | L8: =IF(J8="","",J8-K8)
I9: Drinks (incl. non-alcoholic, ice) | J9: ='Per-Plate'!C9 | K9: =SUMIF($C$5:$C$64,I9,$D$5:$D$64) | L9: =IF(J9="","",J9-K9)
I10: The table | J10: ='Per-Plate'!C10 | K10: =SUMIF($C$5:$C$64,I10,$D$5:$D$64) | L10: =IF(J10="","",J10-K10)
I12: T-5 items | K12: =COUNTIF(E5:E64,"T-5")
I13: T-2 items | K13: =COUNTIF(E5:E64,"T-2")
I14: Bought | K14: =COUNTIF(F5:F64,"✓")

Sheet Gift Ledger
A1: The Gift Ledger
A2: A ceiling per name, in ink. Use it, Eat it, or Keep it ten years. A row turns amber when Spent passes its ceiling.
A4: Season gift total (your limit, incl. Staff & Service)
A5: Staff & Service total (from its tab) | B5: ='Staff & Service'!C17
A6: Gift ceilings, all names | B6: =SUM(B12:B51)
A7: Ceilings + Staff & Service | B7: =B5+B6
A8: Check | B8: =IF(B4="","Type your season total",IF(B7<=B4,"Within the total","Over by $"&TEXT(B7-B4,"0.00")&": lower a ceiling, or move a name to card-and-a-note"))
A9: Spent so far (gifts + Staff & Service given) | B9: =SUM(I12:I51)+'Staff & Service'!C18
A11: Name | B11: Ceiling | C11: Idea | D11: Test (U / E / K) | E11: Bought | F11: Wrapped | G11: Sent | H11: Thanked | I11: Spent | J11: Over / under
J12: =IF(OR(I12="",B12=""),"",I12-B12)
J13: =IF(OR(I13="",B13=""),"",I13-B13)
J14: =IF(OR(I14="",B14=""),"",I14-B14)
J15: =IF(OR(I15="",B15=""),"",I15-B15)
J16: =IF(OR(I16="",B16=""),"",I16-B16)
J17: =IF(OR(I17="",B17=""),"",I17-B17)
J18: =IF(OR(I18="",B18=""),"",I18-B18)
J19: =IF(OR(I19="",B19=""),"",I19-B19)
J20: =IF(OR(I20="",B20=""),"",I20-B20)
J21: =IF(OR(I21="",B21=""),"",I21-B21)
J22: =IF(OR(I22="",B22=""),"",I22-B22)
J23: =IF(OR(I23="",B23=""),"",I23-B23)
... J51: =IF(OR(I51="",B51=""),"",I51-B51)

Sheet Staff & Service
A1: Staff & Service First
A2: Typical guidance (Emily Post Institute), not law. Only the USPS line is a rule. Done by 15 December.
A3: Days left until 15 December: | C3: =MAX(0,DATE(YEAR(TODAY()),12,15)-TODAY())
A4: Who | B4: Typical guidance | C4: My sum $ | D4: Card | E4: Given | F4: Date given
A5: Cleaner or housekeeper | B5: Up to one week's pay
A6: Regular sitter or nanny | B6: Up to one week's pay, plus a small gift from the children
A7: Dog walker | B7: Up to one week's pay
A8: Hairdresser or barber | B8: The cost of one visit
A9: Teacher | B9: A gift, not cash (check the school's policy)
A10: US mail carrier | B10: USPS rule: a non-cash gift worth $20 or less; never cash or cash-like gift cards
A11: Doorman or building super | B11: $25–$100+, by city and effort
A12: Bin (trash) collectors | B12: $10–$30 each, where allowed
A13: Regular delivery driver | B13: Snacks or a small gift
A14: Carer for a relative | B14: A card and a gift; check the agency's policy
A17: Total planned | C17: =SUM(C5:C16)
A18: Total given | C18: =SUMIF(E5:E16,"✓",C5:C16)

Sheet Thaw Sum
A1: The Thaw Sum (fridge thaw)
A2: Use one guidance only. US (USDA): count back from the day, plus one spare day. UK (FSA): count back from the oven time, no spare day.
A4: Guidance I follow (US or UK)
A5: Bird's weight, lb (US)
A6: Bird's weight, kg (UK)
A7: T-0, the day (from At a Glance) | B7: ='At a Glance'!B13
A8: UK only: the date and time it goes in the oven
A10: US (USDA): about 24 hours per 4–5 lb; a fridge-thawed bird keeps 1–2 days before cooking
A11: Hours needed (lb ÷ 4 × 24) | B11: =IF(B5="","",B5/4*24)
A12: Days back: hours ÷ 24 rounded up, plus one spare day | B12: =IF(B11="","",ROUNDUP(B11/24,0)+1)
A13: INTO THE FRIDGE ON | B13: =IF(OR(B12="",B7=""),"",B7-B12)
A15: UK (FSA): about 10–12 hours per kg at 4°C; cook within 24 hours of fully defrosting
A16: Hours needed (kg × 12) | B16: =IF(B6="","",B6*12)
A17: INTO THE FRIDGE AT (oven time minus those hours; no spare day) | B17: =IF(OR(B16="",B8=""),"",B8-B16/24)
A18: Earliest it could be fully defrosted (at 10 h per kg) | B18: =IF(B17="","",B17+B6*10/24)
A19: Must be cooked by (24 hours after that) | B19: =IF(B18="","",B18+1)
A20: =IF(AND(B6<>"",B6>12),"Over 12 kg: at the faster rate it could be defrosted more than 24 hours before the oven time. Check the FSA's current guidance.","")
A22: Sources: USDA FSIS (www.fsis.usda.gov); Food Standards Agency (food.gov.uk). If this ever differs from the regulator's current page, the regulator is right.

Sheet Oven
A1: The Oven Timetable
A2: Two oven dishes whose times overlap are flagged; so is any guest's dish (Assignments tab) that needs the oven at the same time.
A4: Dish | B4: Appliance | C4: Temp (°F / °C) | D4: From | E4: To | F4: Clash?
F5: =IF(AND(B5="Oven",D5<>"",E5<>""),IF(SUMPRODUCT(($B$5:$B$34="Oven")*($D$5:$D$34<E5)*($E$5:$E$34>D5))+SUMPRODUCT((Assignments!$E$5:$E$24="Oven")*(Assignments!$F$5:$F$24<E5)*(Assignments!$G$5:$G$24>D5))>1,"Shares the oven: same temperature, and room for both?",""),"")
F6: =IF(AND(B6="Oven",D6<>"",E6<>""),IF(SUMPRODUCT(($B$5:$B$34="Oven")*($D$5:$D$34<E6)*($E$5:$E$34>D6))+SUMPRODUCT((Assignments!$E$5:$E$24="Oven")*(Assignments!$F$5:$F$24<E6)*(Assignments!$G$5:$G$24>D6))>1,"Shares the oven: same temperature, and room for both?",""),"")
F7: =IF(AND(B7="Oven",D7<>"",E7<>""),IF(SUMPRODUCT(($B$5:$B$34="Oven")*($D$5:$D$34<E7)*($E$5:$E$34>D7))+SUMPRODUCT((Assignments!$E$5:$E$24="Oven")*(Assignments!$F$5:$F$24<E7)*(Assignments!$G$5:$G$24>D7))>1,"Shares the oven: same temperature, and room for both?",""),"")
F8: =IF(AND(B8="Oven",D8<>"",E8<>""),IF(SUMPRODUCT(($B$5:$B$34="Oven")*($D$5:$D$34<E8)*($E$5:$E$34>D8))+SUMPRODUCT((Assignments!$E$5:$E$24="Oven")*(Assignments!$F$5:$F$24<E8)*(Assignments!$G$5:$G$24>D8))>1,"Shares the oven: same temperature, and room for both?",""),"")
F9: =IF(AND(B9="Oven",D9<>"",E9<>""),IF(SUMPRODUCT(($B$5:$B$34="Oven")*($D$5:$D$34<E9)*($E$5:$E$34>D9))+SUMPRODUCT((Assignments!$E$5:$E$24="Oven")*(Assignments!$F$5:$F$24<E9)*(Assignments!$G$5:$G$24>D9))>1,"Shares the oven: same temperature, and room for both?",""),"")
F10: =IF(AND(B10="Oven",D10<>"",E10<>""),IF(SUMPRODUCT(($B$5:$B$34="Oven")*($D$5:$D$34<E10)*($E$5:$E$34>D10))+SUMPRODUCT((Assignments!$E$5:$E$24="Oven")*(Assignments!$F$5:$F$24<E10)*(Assignments!$G$5:$G$24>D10))>1,"Shares the oven: same temperature, and room for both?",""),"")
F11: =IF(AND(B11="Oven",D11<>"",E11<>""),IF(SUMPRODUCT(($B$5:$B$34="Oven")*($D$5:$D$34<E11)*($E$5:$E$34>D11))+SUMPRODUCT((Assignments!$E$5:$E$24="Oven")*(Assignments!$F$5:$F$24<E11)*(Assignments!$G$5:$G$24>D11))>1,"Shares the oven: same temperature, and room for both?",""),"")
F12: =IF(AND(B12="Oven",D12<>"",E12<>""),IF(SUMPRODUCT(($B$5:$B$34="Oven")*($D$5:$D$34<E12)*($E$5:$E$34>D12))+SUMPRODUCT((Assignments!$E$5:$E$24="Oven")*(Assignments!$F$5:$F$24<E12)*(Assignments!$G$5:$G$24>D12))>1,"Shares the oven: same temperature, and room for both?",""),"")
F13: =IF(AND(B13="Oven",D13<>"",E13<>""),IF(SUMPRODUCT(($B$5:$B$34="Oven")*($D$5:$D$34<E13)*($E$5:$E$34>D13))+SUMPRODUCT((Assignments!$E$5:$E$24="Oven")*(Assignments!$F$5:$F$24<E13)*(Assignments!$G$5:$G$24>D13))>1,"Shares the oven: same temperature, and room for both?",""),"")
F14: =IF(AND(B14="Oven",D14<>"",E14<>""),IF(SUMPRODUCT(($B$5:$B$34="Oven")*($D$5:$D$34<E14)*($E$5:$E$34>D14))+SUMPRODUCT((Assignments!$E$5:$E$24="Oven")*(Assignments!$F$5:$F$24<E14)*(Assignments!$G$5:$G$24>D14))>1,"Shares the oven: same temperature, and room for both?",""),"")
F15: =IF(AND(B15="Oven",D15<>"",E15<>""),IF(SUMPRODUCT(($B$5:$B$34="Oven")*($D$5:$D$34<E15)*($E$5:$E$34>D15))+SUMPRODUCT((Assignments!$E$5:$E$24="Oven")*(Assignments!$F$5:$F$24<E15)*(Assignments!$G$5:$G$24>D15))>1,"Shares the oven: same temperature, and room for both?",""),"")
F16: =IF(AND(B16="Oven",D16<>"",E16<>""),IF(SUMPRODUCT(($B$5:$B$34="Oven")*($D$5:$D$34<E16)*($E$5:$E$34>D16))+SUMPRODUCT((Assignments!$E$5:$E$24="Oven")*(Assignments!$F$5:$F$24<E16)*(Assignments!$G$5:$G$24>D16))>1,"Shares the oven: same temperature, and room for both?",""),"")
... F34: =IF(AND(B34="Oven",D34<>"",E34<>""),IF(SUMPRODUCT(($B$5:$B$34="Oven")*($D$5:$D$34<E34)*($E$5:$E$34>D34))+SUMPRODUCT((Assignments!$E$5:$E$24="Oven")*(Assignments!$F$5:$F$24<E34)*(Assignments!$G$5:$G$24>D34))>1,"Shares the oven: same temperature, and room for both?",""),"")

Sheet Thank-Yous
A1: Thank-You by the Second
A2: Four lines: the thing, one specific detail, the person, the sign-off. Templates 1–6 are on page 37.
A3: Deadline | B3: =IF('At a Glance'!B13="","",IF(MONTH('At a Glance'!B13)=12,DATE(YEAR('At a Glance'!B13)+1,1,2),'At a Glance'!B13+2)) | C3: Days left | D3: =IF(B3="","",MAX(0,B3-TODAY())) | E3: Outstanding | F3: =COUNTA(A6:A45)-COUNTIF(E6:E45,"✓")
A5: Name | B5: For | C5: Template (1–6) | D5: Written | E5: Posted / given

Sheet Reckoning
A1: The Reckoning (T+7)
A2: Planned against actual. Then type next year's T-0 date (B27): the Clock rewrites itself from it.
A4: Measure | B4: Planned | C4: Actual | D4: Difference
A5: Guests | B5: ='At a Glance'!B9 | D5: =IF(OR(B5="",C5=""),"",C5-B5)
A6: Total spend: food, drink, table | B6: ='At a Glance'!B10 | C6: ='Spend Log'!J12 | D6: =IF(OR(B6="",C6=""),"",C6-B6)
A7: Per plate | B7: ='At a Glance'!B11 | C7: =IFERROR(C6/C5,"") | D7: =IF(OR(B7="",C7=""),"",C7-B7)
A8: Gift season total (incl. Staff & Service) | B8: ='Gift Ledger'!B4 | C8: ='Gift Ledger'!B9 | D8: =IF(OR(B8="",C8=""),"",C8-B8)
A9: Clock ticks (out of 25) | B9: 25 | C9: =COUNTIF(Clock!G6:G30,"✓") | D9: =IF(OR(B9="",C9=""),"",C9-B9)
A10: Minutes on the clock (ticks × 15) | B10: 375 | C10: =C9*15 | D10: =IF(OR(B10="",C10=""),"",C10-B10)
A11: Tasks done on their own day | D11: =IF(OR(B11="",C11=""),"",C11-B11)
A12: Borrowed items returned within two days | D12: =IF(OR(B12="",C12=""),"",C12-B12)
A13: Thank-yous sent by the deadline | D13: =IF(OR(B13="",C13=""),"",C13-B13)
A15: The calm line (1 = dread, 5 = composed)
A16: When | B16: Calm score
A17: T-21
A18: T-15
A19: T-8
A20: T-1
A21: At the door
A22: T+1
A25: Next year
A26: Next year's starting Per-Plate Number
A27: Next year's T-0 date (the Clock switches to it)
A28: Thanksgiving 2027: Thu 25 Nov 2027 · Christmas 2027: Sat 25 Dec 2027
A30: Three to keep
A31: Three to change
A32: One to drop entirely
